S.No.,Name,CMP Rs.,P/E,Div Yld %,ROCE %
1.0,Reliance Industr,2550.25,25.87,0.31,10.14
2.0,TCS,3302.25,28.68,1.45,59.11
3.0,HDFC Bank,1701.4,20.67,1.12,6.85
4.0,ICICI Bank,934.6,19.21,0.86,6.82
5.0,Hind. Unilever,2678.15,61.88,1.46,26.61
6.0,ITC,451.6,29.33,2.82,39.1
7.0,Infosys,1335.5,23.11,2.55,40.67
8.0,H D F C,2821.95,19.97,1.56,9.38
9.0,St Bk of India,572.85,9.18,1.97,5.21
10.0,Bharti Airtel,878.75,58.67,0.34,13.53
11.0,Bajaj Finance,7160.6,37.67,0.42,11.7
12.0,Life Insurance,632.25,10.99,0.47,148.72
13.0,Kotak Mah. Bank,1846.55,24.58,0.06,7.37
14.0,Larsen & Toubro,2475.55,33.49,0.97,12.54
15.0,Asian Paints,3362.05,78.02,0.76,35.23
16.0,HCL Technologies,1187.95,21.72,4.04,28.66
17.0,Axis Bank,987.45,13.19,0.1,6.54
18.0,Maruti Suzuki,9789.05,36.01,0.92,17.69
19.0,Adani Enterp.,2388.05,102.19,0.05,10.09
20.0,Titan Company,3047.65,83.25,0.33,25.12
21.0,Avenue Super.,3889.2,106.35,0.0,20.15
22.0,Sun Pharma.Inds.,1051.6,29.24,0.95,17.39
23.0,Bajaj Finserv,1528.0,37.93,0.05,12.61
24.0,UltraTech Cem.,8294.75,47.29,0.46,12.65
25.0,Nestle India,22894.3,86.85,0.96,137.75
26.0,Tata Motors,595.55,84.54,0.34,6.14
27.0,Wipro,389.15,18.82,1.54,17.71
28.0,O N G C,160.3,5.21,6.71,14.69
29.0,JSW Steel,784.8,51.18,0.43,8.37
30.0,NTPC,189.15,10.84,3.7,9.81
31.0,M & M,1453.6,19.29,1.12,13.64
32.0,Power Grid Corpn,255.15,11.54,4.61,13.0
33.0,Adani Ports,739.25,25.18,0.68,9.91
34.0,LTIMindtree,5197.2,34.88,1.15,37.74
35.0,Adani Green,945.9,132.34,0.0,7.81
36.0,Coal India,231.0,5.06,8.77,71.48
37.0,HDFC Life Insur.,651.2,102.31,0.29,9.56
38.0,Tata Steel,112.0,17.3,3.21,12.79
39.0,Siemens,3766.45,81.72,0.27,15.41
40.0,Bajaj Auto,4691.55,21.91,2.98,26.51
41.0,Pidilite Inds.,2597.1,103.68,0.39,24.56
42.0,SBI Life Insuran,1306.9,76.03,0.19,15.47
43.0,Hindustan Zinc,307.35,12.34,24.56,50.46
44.0,I O C L,91.3,13.17,9.2,8.15
45.0,Hind.Aeronautics,3792.5,21.82,1.32,30.6
46.0,DLF,490.55,59.7,0.61,4.65
47.0,Britannia Inds.,5024.55,59.62,1.43,48.85
48.0,Grasim Inds,1734.65,16.63,0.29,12.56
49.0,Godrej Consumer,1081.0,63.33,0.0,16.77
50.0,Tech Mahindra,1130.85,22.82,2.83,22.49
51.0,IndusInd Bank,1374.65,14.43,1.02,7.37
52.0,Varun Beverages,802.55,62.35,0.06,27.77
53.0,Vedanta,277.95,9.68,36.52,23.76
54.0,Dabur India,572.95,59.68,0.91,23.49
55.0,Bank of Baroda,190.35,6.61,2.89,5.17
56.0,Eicher Motors,3580.1,33.6,0.59,27.35
57.0,Adani Power,249.85,8.95,0.0,15.8
58.0,Divi's Lab.,3583.6,52.17,0.84,19.34
59.0,Hindalco Inds.,420.95,9.4,0.95,11.1
60.0,Cholaman.Inv.&Fn,1142.0,35.23,0.18,9.71
61.0,A B B,4423.0,108.12,0.12,23.03
62.0,Bharat Electron,125.75,30.8,1.19,30.06
63.0,Shree Cement,23886.45,64.89,0.42,9.01
64.0,Dr Reddy's Labs,5159.6,19.06,0.78,26.22
65.0,Adani Transmissi,767.25,68.12,0.0,10.48
66.0,Ambuja Cements,425.9,30.21,0.59,16.0
67.0,ICICI Pru Life,572.5,101.24,0.1,10.02
68.0,Cipla,1014.95,28.0,0.84,18.78
69.0,Havells India,1282.8,75.0,0.58,22.31
70.0,SBI Cards,847.2,35.49,0.3,13.05
71.0,Tata Consumer,860.9,74.19,0.98,9.86
72.0,B P C L,364.7,23.46,4.39,6.86
73.0,Bajaj Holdings,7004.55,16.07,1.76,11.51
74.0,Apollo Hospitals,5098.2,89.5,0.29,14.65
75.0,Adani Total Gas,654.6,131.84,0.04,20.74
76.0,Tata Power Co.,221.85,21.94,0.9,12.42
77.0,GAIL (India),105.05,12.34,6.35,9.77
78.0,Marico,530.95,52.74,1.74,43.7
79.0,Mankind Pharma,1706.8,54.77,0.0,21.87
80.0,SRF,2289.45,31.45,0.31,22.37
81.0,United Spirits,912.2,68.24,0.0,20.54
82.0,ICICI Lombard,1344.45,38.13,0.74,22.05
83.0,Berger Paints,678.1,76.65,0.46,23.75
84.0,Macrotech Devel.,679.8,47.66,0.0,9.3
85.0,Shriram Finance,1735.2,10.81,2.02,12.14
86.0,Torrent Pharma.,1904.95,51.78,1.15,20.2
87.0,TVS Motor Co.,1325.65,49.61,0.38,13.48
88.0,Trent,1764.15,211.83,0.12,11.59
89.0,Tube Investments,3174.9,73.96,0.11,37.49
90.0,IDBI Bank,55.35,16.05,1.81,4.26
91.0,P I Industries,3921.75,48.39,0.25,21.66
92.0,Jindal Steel,581.05,18.08,0.52,14.47
93.0,Zydus Lifesci.,583.05,24.8,1.03,16.65
94.0,Max Healthcare,599.45,52.77,0.0,15.01
95.0,Hero Motocorp,2910.1,20.77,3.44,23.57
96.0,Samvardh. Mothe.,85.7,37.47,0.51,9.26
97.0,Info Edg.(India),4483.65,274.71,0.42,4.27
98.0,CG Power & Indu.,378.5,76.57,0.4,61.18
99.0,Power Fin.Corpn.,215.9,3.59,6.14,9.38
100.0,Punjab Natl.Bank,51.65,17.0,1.26,4.11
101.0,Bosch,19042.35,39.43,2.52,17.36
102.0,Indian Hotels Co,392.5,58.26,0.25,13.29
103.0,Canara Bank,301.85,5.0,3.98,5.33
104.0,Cummins India,1943.1,47.22,1.29,27.66
105.0,Adani Wilmar,409.95,87.45,0.0,15.37
106.0,Astral,1982.55,119.34,0.11,25.11
107.0,Polycab India,3551.15,43.83,0.56,27.11
108.0,IDFC First Bank,79.4,21.17,0.0,7.47
109.0,UPL,687.55,14.07,1.45,15.75
110.0,I R C T C,635.1,51.51,0.55,58.99
111.0,AU Small Finance,753.65,35.2,0.13,8.54
112.0,Abbott India,23419.15,52.42,0.77,41.12
113.0,Muthoot Finance,1239.65,14.33,1.77,12.04
114.0,Union Bank (I),72.25,5.8,4.15,5.2
115.0,Ashok Leyland,167.4,41.2,1.55,12.0
116.0,HDFC AMC,2295.65,34.41,2.09,32.31
117.0,Aditya Birla Cap,196.3,19.43,0.0,8.51
118.0,Schaeffler India,3097.55,55.0,0.77,28.98
119.0,Tata Elxsi,7588.5,62.43,0.8,47.74
120.0,Yes Bank,16.25,63.5,0.0,5.21
121.0,P & G Hygiene,14324.45,81.65,0.56,109.98
122.0,NHPC Ltd,45.95,11.87,3.94,8.92
123.0,I O B,24.4,21.99,0.0,4.53
124.0,Colgate-Palmoliv,1688.1,43.51,2.37,79.13
125.0,Balkrishna Inds,2370.4,43.34,0.67,14.56
126.0,Tata Comm,1594.65,26.26,1.32,23.96
127.0,JSW Energy,272.75,34.46,0.73,7.29
128.0,Indus Towers,164.25,20.4,6.7,11.45
129.0,Godrej Propert.,1568.45,76.32,0.0,6.56
130.0,REC Ltd,164.65,3.88,7.65,9.14
131.0,Patanjali Foods,1188.7,48.54,0.42,13.4
132.0,MRF,101260.5,55.84,0.17,7.94
133.0,I R F C,32.7,6.74,4.28,5.32
134.0,Aurobindo Pharma,727.35,22.11,1.24,9.25
135.0,FSN E-Commerce,148.6,2200.98,0.0,5.5
136.0,Alkem Lab,3512.85,39.56,0.71,13.87
137.0,Page Industries,37647.2,73.48,0.98,53.72
138.0,L&T Technology,3936.1,36.49,1.14,32.75
139.0,M & M Fin. Serv.,336.45,19.68,1.78,8.89
140.0,Lupin,902.75,95.52,0.44,5.95
141.0,Supreme Inds.,3197.7,47.02,0.81,26.79
142.0,Dalmia BharatLtd,2166.2,36.8,0.42,8.52
143.0,Container Corpn.,661.8,34.36,1.36,13.67
144.0,United Breweries,1511.95,118.61,0.5,11.48
145.0,Bandhan Bank,242.05,17.77,0.0,7.14
146.0,Bharat Forge,836.8,73.19,0.84,8.82
147.0,Persistent Sys,5011.05,41.25,0.8,30.3
148.0,Honeywell Auto,41679.05,84.12,0.22,19.46
149.0,Linde India,4316.55,78.0,0.1,16.63
150.0,Indian Bank,292.55,6.54,2.94,4.55
151.0,APL Apollo Tubes,1305.3,56.4,0.27,27.67
152.0,Oberoi Realty,984.8,19.07,0.41,16.03
153.0,Mphasis,1895.05,21.97,2.64,28.9
154.0,S A I L,85.5,17.81,10.23,5.95
155.0,ACC,1813.7,33.92,0.51,10.04
156.0,Star Health Insu,585.1,55.02,0.0,13.33
157.0,Solar Industries,3740.3,44.83,0.21,35.98
158.0,Petronet LNG,222.7,10.31,2.02,26.55
159.0,Oracle Fin.Serv.,3858.65,18.48,5.83,35.11
160.0,Uno Minda,581.8,51.01,0.21,19.35
161.0,Indraprastha Gas,473.35,22.93,2.75,27.28
162.0,Jubilant Food.,501.25,93.69,0.24,15.97
163.0,UCO Bank,27.4,17.59,0.0,4.75
164.0,Gujarat Fluoroch,2932.35,24.35,0.14,29.6
165.0,General Insuranc,182.65,5.08,3.94,20.59
166.0,Gujarat Gas,465.05,20.95,0.43,30.85
167.0,Biocon,265.5,52.0,0.56,6.5
168.0,L&T Fin.Holdings,127.7,23.78,1.57,7.56
169.0,Syngene Intl.,765.05,66.23,0.07,14.6
170.0,NMDC,104.65,6.52,14.09,21.08
171.0,B H E L,87.65,63.93,0.46,3.15
172.0,3M India,27012.7,67.5,0.37,31.42
173.0,Bank of India,73.6,8.15,2.72,4.42
174.0,Sona BLW Precis.,515.85,76.96,0.54,22.05
175.0,AIA Engineering,3200.45,28.59,0.5,25.22
176.0,Vedant Fashions,1239.0,70.1,0.4,39.76
177.0,KPIT Technologi.,1089.8,78.01,0.28,30.6
178.0,Escorts Kubota,2248.4,43.92,0.31,11.31
179.0,Deepak Nitrite,2173.75,34.8,0.32,29.95
180.0,Torrent Power,615.25,13.97,2.11,19.0
181.0,Sundaram Finance,2610.0,22.05,1.03,8.42
182.0,Coforge,4711.3,39.4,1.36,31.61
183.0,CRISIL,3902.95,48.48,1.23,41.06
184.0,F A C T,434.4,45.86,0.0,33.46
185.0,Max Financial,810.85,73.94,0.0,13.29
186.0,Phoenix Mills,1563.35,32.73,0.15,12.13
187.0,Coromandel Inter,948.4,13.85,1.27,38.41
188.0,Embassy Off.REIT,291.66,55.83,3.74,4.2
189.0,Jindal Stain.,330.4,13.06,0.0,25.53
190.0,Thermax,2281.75,60.38,0.44,14.97
191.0,Federal Bank,126.15,8.44,1.43,6.46
192.0,Oil India,244.95,3.04,5.92,26.86
193.0,Poonawalla Fin,340.9,46.48,0.59,7.85
194.0,Dixon Technolog.,4388.6,102.47,0.05,25.75
195.0,J K Cements,3381.9,62.35,0.44,10.24
196.0,Apollo Tyres,406.7,23.76,0.98,10.18
197.0,Timken India,3423.55,65.9,0.04,28.02
198.0,Sundram Fasten.,1216.95,52.28,0.54,19.41
199.0,Tata Chemicals,1001.4,11.24,1.75,12.04
200.0,Motherson Wiring,57.7,52.38,1.05,43.87
201.0,Metro Brands,936.5,70.41,0.27,24.83
202.0,Rail Vikas,121.9,17.89,1.5,17.75
203.0,Grindwell Norton,2280.45,69.84,0.64,28.7
204.0,Central Bank,29.05,15.01,0.0,4.29
205.0,Voltas,759.75,103.76,0.56,9.74
206.0,Mazagon Dock,1246.4,23.43,0.73,38.2
207.0,SKF India,4976.85,46.88,0.8,34.5
208.0,Kansai Nerolac,450.45,52.45,0.4,14.54
209.0,Glaxosmi. Pharma,1425.1,40.94,2.25,36.41
210.0,Fortis Health.,315.05,44.42,0.0,11.14
211.0,ZF Commercial,12162.45,72.59,0.11,18.85
212.0,Prestige Estates,574.85,31.28,0.26,10.66
213.0,Carborundum Uni.,1197.9,57.23,0.29,20.29
214.0,K P R Mill Ltd,664.6,27.9,0.6,24.67
215.0,Devyani Intl.,188.35,80.96,0.0,18.39
216.0,Relaxo Footwear,909.0,146.49,0.28,11.6
217.0,Piramal Enterp.,942.3,11.82,3.29,2.23
218.0,Navin Fluo.Intl.,4502.0,59.49,0.16,20.89
219.0,Endurance Tech.,1579.5,45.58,0.44,14.23
220.0,The Ramco Cement,924.25,63.57,0.22,6.56
221.0,Sumitomo Chemi.,436.3,43.26,0.23,30.2
222.0,Pun. & Sind Bank,31.95,16.51,1.5,5.26
223.0,LIC Housing Fin.,392.2,7.46,2.17,7.57
224.0,Bata India,1675.5,66.67,0.81,19.23
225.0,KEI Industries,2315.6,43.75,0.13,25.82
226.0,Atul,6995.25,40.75,0.36,14.97
227.0,Bharat Dynamics,1120.25,58.3,0.74,15.54
228.0,Hatsun Agro,921.6,123.77,0.65,11.16
229.0,Narayana Hrudaya,993.25,33.48,0.25,31.41
230.0,Exide Inds.,236.7,24.46,0.84,10.62
231.0,Kajaria Ceramics,1257.6,57.16,0.87,20.26
232.0,Laurus Labs,366.65,25.97,0.55,22.15
233.0,Bayer Crop Sci.,4380.95,29.01,2.28,33.67
234.0,ICICI Securities,608.45,17.58,3.94,18.08
235.0,CreditAcc. Gram.,1247.65,23.6,0.0,12.94
236.0,Bank of Maha,28.9,7.47,4.5,4.44
237.0,New India Assura,116.95,18.39,1.65,4.86
238.0,IIFL Finance,505.65,12.83,0.79,11.65
239.0,Glenmark Pharma.,676.0,37.64,0.37,14.61
240.0,Ajanta Pharma,1479.15,31.9,0.47,22.61
241.0,Five-Star Bus.Fi,647.75,31.28,0.0,14.42
242.0,Ipca Labs.,742.85,39.99,0.54,11.61
243.0,Dr Lal Pathlabs,2259.4,78.88,0.53,18.49
244.0,Suzlon Energy,15.3,111.47,0.0,20.61
245.0,Vinati Organics,1822.95,40.91,0.36,30.3
246.0,Emami,424.7,29.86,1.88,28.49
247.0,Whirlpool India,1474.15,85.39,0.34,8.87
248.0,Crompton Gr. Con,289.55,39.99,1.04,18.49
249.0,Mindspace Busine,309.1,55.67,,5.95
250.0,J B Chem & Pharm,2366.95,44.71,0.75,22.63
251.0,Aarti Industries,503.6,33.5,0.69,9.54
252.0,Nippon Life Ind.,288.15,24.83,3.99,26.64
253.0,Global Health,659.25,54.24,0.0,16.8
254.0,Hitachi Energy,4157.85,187.66,0.07,11.9
255.0,Lloyds Metals,395.7,19.43,0.13,83.07
256.0,Gland Pharma,1062.5,21.41,0.0,14.71
257.0,Godrej Industrie,517.85,17.88,0.0,10.64
258.0,Sun TV Network,439.25,10.14,3.41,26.02
259.0,Pfizer,3777.15,28.75,0.93,26.15
260.0,Indiamart Inter.,2814.2,62.54,0.36,17.47
261.0,Blue Dart Expres,7245.55,46.4,0.41,27.14
262.0,Elgi Equipments,541.6,46.29,0.37,31.04
263.0,Zee Entertainmen,177.35,223.09,1.69,7.96
264.0,Trident,33.2,38.31,1.08,11.89
265.0,Chola Financial,898.65,13.08,0.06,10.63
266.0,Cyient,1500.7,30.32,1.73,19.77
267.0,Gillette India,5074.95,49.89,0.71,51.17
268.0,I D F C,102.7,24.4,0.97,10.38
269.0,360 ONE,455.0,24.68,3.79,13.37
270.0,IRB Infra.Devl.,26.85,22.52,0.74,8.73
271.0,Rajesh Exports,547.4,11.28,0.18,10.3
272.0,Radico Khaitan,1208.6,79.03,0.25,11.66
273.0,SJVN,40.9,11.62,4.16,9.05
274.0,Guj.St.Petronet,284.45,9.78,0.7,35.05
275.0,Ratnamani Metals,2272.2,31.2,0.53,27.63
276.0,Sanofi India,6912.3,28.92,2.81,41.36
277.0,JBM Auto,1337.25,127.12,0.07,11.77
278.0,Capri Global,765.95,77.12,0.07,8.98
279.0,Kalyan Jewellers,147.05,33.2,0.0,12.02
280.0,Natl. Aluminium,82.05,9.76,7.92,15.15
281.0,NLC India,108.45,10.71,2.77,8.35
282.0,Fine Organic,4888.15,24.25,0.18,65.36
283.0,Clean Science,1396.0,50.24,0.36,44.46
284.0,Blue Star,767.1,53.29,1.56,24.65
285.0,PNB Housing,567.4,13.94,0.0,8.27
286.0,Century Plyboard,661.8,38.36,0.23,26.22
287.0,Bajaj Electrical,1271.35,63.49,0.31,18.66
288.0,Affle India,1096.3,59.73,0.0,20.22
289.0,Redington,186.0,10.44,3.87,24.97
290.0,Angel One,1718.8,16.32,2.32,43.95
291.0,Happiest Minds,978.5,66.41,0.55,27.37
292.0,Krishna Institu.,1787.5,43.88,0.0,25.08
293.0,K E C Intl.,551.15,80.49,0.73,10.11
294.0,Sonata Software,1009.45,31.32,1.56,39.1
295.0,DCM Shriram,902.75,15.46,1.55,19.57
296.0,Aster DM Health.,280.2,32.94,0.0,9.09
297.0,Alkyl Amines,2725.35,60.13,0.37,27.87
298.0,Tanla Platforms,1022.85,30.71,0.59,37.77
299.0,Lak. Mach. Works,12669.1,35.24,0.78,23.99
300.0,M R P L,77.05,5.12,0.0,19.98
301.0,Westlife Food,855.85,119.61,0.0,14.74
302.0,Aether Industri.,1067.9,102.45,0.0,18.44
303.0,Apar Inds.,3470.05,20.82,0.43,49.92
304.0,Brigade Enterpr.,575.2,65.88,0.26,8.5
305.0,EIH,212.0,35.6,0.52,15.98
306.0,RHI Magnesita,645.8,113.8,0.39,10.9
307.0,Finolex Cables,858.75,26.18,0.7,18.5
308.0,Triveni Turbine,406.75,67.15,0.31,31.66
309.0,Natco Pharma,693.2,17.69,0.79,18.03
310.0,Nuvoco Vistas,351.05,29.86,0.0,1.94
311.0,Alembic Pharma,636.4,36.16,1.26,7.4
312.0,G R Infraproject,1281.4,8.52,0.0,21.72
313.0,Suven Pharma,485.85,30.07,0.41,32.96
314.0,Aptus Value Hou.,248.25,24.58,1.61,14.55
315.0,V-Guard Industri,282.5,68.3,0.46,14.47
316.0,AAVAS Financiers,1536.95,28.28,0.0,9.51
317.0,Castrol India,120.8,15.14,5.38,60.76
318.0,Tata Inv.Corpn.,2342.75,47.08,2.05,1.42
319.0,Asahi India Glas,487.4,32.76,0.41,20.63
320.0,Sheela Foam,1211.15,62.98,0.0,13.64
321.0,Amara Raja Batt.,681.2,15.95,0.9,20.18
322.0,C D S L,1110.75,42.06,1.35,31.64
323.0,H U D C O,57.05,6.71,6.13,8.81
324.0,BASF India,2623.4,29.01,0.3,20.59
325.0,Chambal Fert.,272.65,10.98,2.75,16.41
326.0,Indian Energy Ex,127.1,38.72,0.79,51.79
327.0,Raymond,1694.05,18.74,0.18,21.73
328.0,Aegis Logistics,321.0,24.34,1.79,17.3
329.0,Hindustan Copper,116.05,38.0,1.0,18.02
330.0,Manappuram Fin.,132.35,7.49,2.27,11.75
331.0,Akzo Nobel,2432.85,33.06,2.67,34.63
332.0,Anupam Rasayan,1030.0,65.68,0.24,10.59
333.0,Poly Medicure,1149.9,61.56,0.22,18.91
334.0,RBL Bank,181.95,12.36,0.0,5.7
335.0,Finolex Inds.,175.8,46.1,1.14,6.83
336.0,Cams Services,2198.55,37.86,1.72,50.66
337.0,Eureka Forbes,557.0,235.81,0.0,2.31
338.0,Motil.Oswal.Fin.,728.0,11.56,1.37,12.96
339.0,Aditya AMC,372.35,17.98,3.08,33.13
340.0,GE Shipping Co,742.5,4.31,3.88,20.87
341.0,Vardhman Textile,366.45,13.32,1.86,11.66
342.0,Data Pattern,1868.2,84.35,0.24,19.69
343.0,Bikaji Foods,417.8,81.65,0.18,17.63
344.0,TTK Prestige,750.0,39.96,0.8,19.16
345.0,Mahanagar Gas,1048.5,13.11,2.38,26.79
346.0,Can Fin Homes,777.35,16.66,0.45,8.36
347.0,Equitas Sma. Fin,90.1,17.49,1.11,9.24
348.0,Karur Vysya Bank,124.65,9.04,1.28,5.93
349.0,UTI AMC,785.05,23.49,2.67,17.35
350.0,Cera Sanitary.,7660.9,46.94,0.65,25.8
351.0,Route Mobile,1593.1,30.42,0.56,22.03
352.0,Birlasoft Ltd,358.9,29.78,0.98,17.54
353.0,Rainbow Child.,961.1,46.28,0.31,24.17
354.0,India Grid Trust,138.08,21.22,,7.89
355.0,Century Textiles,861.5,54.32,0.58,6.52
356.0,Birla Corpn.,1240.2,278.85,0.81,3.6
357.0,CESC,71.95,7.1,6.25,11.3
358.0,ERIS Lifescience,698.9,25.4,1.05,17.01
359.0,National Standar,4751.45,1151.87,0.0,5.02
360.0,Campus Activewe.,310.0,80.73,0.0,23.11
361.0,Zydus Wellness,1484.05,29.47,0.34,5.95
362.0,Sundaram Clayton,4664.7,15.15,1.26,13.21
363.0,City Union Bank,127.3,10.05,0.79,6.26
364.0,Galaxy Surfact.,2649.95,24.66,0.68,23.53
365.0,G N F C,599.15,6.36,1.67,22.91
366.0,Welspun India,92.45,46.72,0.11,6.25
367.0,Astrazeneca Phar,3707.5,72.4,0.27,31.36
368.0,Medplus Health,774.9,185.79,0.0,5.63
369.0,Shyam Metalics,358.85,10.79,0.5,15.44
370.0,Ingersoll-Rand,2859.2,49.42,0.7,43.55
371.0,Brookfield India,267.28,68.25,,4.1
372.0,Shoppers Stop,816.65,76.24,0.0,15.52
373.0,HFCL,64.95,29.73,0.28,15.69
374.0,Firstsour.Solu.,127.3,17.4,2.75,14.5
375.0,Rites,371.95,16.49,4.57,30.47
376.0,CCL Products,664.45,32.87,0.75,15.77
377.0,Chalet Hotels,429.1,56.03,0.0,9.24
378.0,Godfrey Phillips,1685.6,12.69,1.66,22.83
379.0,Zensar Tech.,386.95,26.74,1.29,15.05
380.0,Kaynes Tech,1505.4,91.94,0.0,21.67
381.0,Sapphire Foods,1374.15,37.47,0.0,9.73
382.0,P & G Health Ltd,5254.7,36.22,1.0,38.23
383.0,Godrej Agrovet,453.7,29.52,2.09,12.49
384.0,Kalpataru Proj.,536.55,22.6,1.3,14.18
385.0,V I P Inds.,613.7,49.46,0.73,27.78
386.0,National High,119.45,33.78,,4.3
387.0,Intellect Design,628.6,32.02,0.4,18.73
388.0,BLS Internat.,207.9,42.05,0.24,32.19
389.0,Craftsman Auto,4026.6,35.82,0.28,20.76
390.0,JK Lakshmi Cem.,718.55,23.58,0.7,14.72
391.0,PNC Infratech,327.7,12.77,0.15,15.03
392.0,CEAT,2077.4,40.79,0.58,9.42
393.0,Supreme Petroch.,444.7,17.7,2.02,37.43
394.0,Usha Martin,270.4,23.53,0.74,21.34
395.0,BSE,608.55,40.03,2.22,12.13
396.0,EID Parry,462.4,8.81,2.38,39.45
397.0,Kama Holdings,12770.1,6.54,1.3,34.34
398.0,Jindal Saw,255.9,17.58,1.17,10.55
399.0,KRBL,340.45,11.43,1.03,20.88
400.0,Olectra Greentec,972.2,121.66,0.04,13.3
401.0,eClerx Services,1624.95,16.3,0.04,37.05
402.0,Jyothy Labs,215.85,36.1,1.39,17.89
403.0,Syrma SGS Tech.,447.9,66.36,0.0,14.81
404.0,Saregama India,408.0,41.67,0.74,18.16
405.0,Ircon Intl.,83.5,10.26,2.99,15.79
406.0,Graphite India,400.25,39.3,2.12,6.22
407.0,Balrampur Chini,384.65,27.34,0.65,10.44
408.0,NCC,122.1,12.38,1.8,20.18
409.0,Multi Comm. Exc.,1500.4,51.37,1.16,13.16
410.0,Metropolis Healt,1493.1,53.52,0.54,17.01
411.0,Amber Enterp.,2256.2,48.36,0.0,10.75
412.0,KSB,2157.8,41.0,0.7,23.15
413.0,Balaji Amines,2316.55,23.07,0.43,39.06
414.0,Godawari Power,528.55,9.26,0.76,28.07
415.0,Cochin Shipyard,565.8,25.81,2.96,8.5
416.0,Lemon Tree Hotel,93.7,64.8,0.0,11.87
417.0,Prince Pipes,671.25,61.12,0.52,12.37
418.0,Ujjivan Small,37.9,6.74,3.3,12.84
419.0,Granules India,296.9,14.27,0.51,19.39
420.0,Latent View,351.65,46.36,0.0,16.83
421.0,Mahindra Life.,465.6,195.77,0.49,2.35
422.0,Chemplast Sanmar,454.6,33.89,0.0,14.86
423.0,NBCC,39.6,20.01,1.26,26.2
424.0,Ramkrishna Forg.,444.7,28.72,0.45,18.48
425.0,Deepak Fertiliz.,562.7,5.87,1.78,26.27
426.0,Safari Inds.,2970.1,56.31,0.12,37.54
427.0,Easy Trip Plann.,40.5,47.95,0.15,54.57
428.0,JM Financial,73.45,11.74,2.45,9.42
429.0,Allcargo Logist.,284.15,11.56,1.14,19.71
430.0,Glenmark Life,569.15,14.93,3.69,29.86
431.0,Praj Industries,377.6,28.93,0.72,31.44
432.0,T N Merc. Bank,437.85,6.74,0.0,6.72
433.0,Home First Finan,784.0,30.26,0.33,10.34
434.0,Laxmi Organic,259.9,55.41,0.19,11.31
435.0,EPL Ltd,214.65,30.01,2.0,12.3
436.0,Welspun Corp,260.95,34.27,1.92,7.91
437.0,KNR Construct.,242.0,17.04,0.1,21.44
438.0,Indigo Paints,1428.9,51.54,0.24,21.69
439.0,Delta Corp,253.95,26.0,0.49,15.76
440.0,Jubilant Ingrev.,426.5,22.09,1.17,15.96
441.0,Minda Corp,282.5,23.74,0.42,16.39
442.0,BEML Ltd,1620.8,42.75,0.62,10.81
443.0,Jupiter Wagons,173.8,53.71,0.0,24.39
444.0,Quess Corp,449.9,36.2,1.78,9.74
445.0,GMM Pfaudler,1480.5,37.29,0.27,24.72
446.0,India Infr Trust,100.0,12.16,,8.29
447.0,Borosil Renew.,505.95,74.58,0.0,11.6
448.0,Archean Chemical,536.25,17.2,0.47,45.84
449.0,Garden Reach Sh.,575.3,28.89,1.01,20.81
450.0,Keystone Realtor,577.8,82.77,0.0,5.53
451.0,Elecon Engg.Co,584.35,27.46,0.34,24.9
452.0,Kirl. Ferrous,470.3,18.64,1.17,22.38
453.0,G S F C,163.9,5.05,1.53,13.39
454.0,C.E. Info System,1205.5,59.48,0.17,28.96
455.0,Engineers India,114.95,18.66,2.61,23.81
456.0,Tega Inds.,971.4,35.02,0.21,21.26
457.0,TV18 Broadcast,37.35,55.11,0.0,3.37
458.0,Mah. Seamless,476.35,8.35,0.52,20.42
459.0,Garware Tech.,3105.9,36.76,0.23,21.37
460.0,KFin Technolog.,370.75,32.18,0.0,29.32
461.0,VRL Logistics,713.05,37.92,1.12,17.81
462.0,Brightcom Group,31.2,4.59,0.96,30.91
463.0,Jindal Worldwide,313.9,54.39,0.03,15.7
464.0,HEG,1630.35,11.82,2.45,13.02
465.0,Symphony,897.4,54.12,1.0,14.68
466.0,Just Dial,738.7,38.52,0.0,5.38
467.0,Mah. Scooters,5479.8,32.07,2.92,0.92
468.0,Schneider Elect.,260.45,57.49,0.0,27.61
469.0,Triven.Engg.Ind.,283.1,11.66,1.15,17.52
470.0,PTC Industries,4602.15,306.4,0.0,10.63
471.0,SIS,421.75,17.91,0.0,10.55
472.0,PCBL Ltd,162.75,14.38,3.38,16.96
473.0,Go Fashion (I),1136.9,74.16,0.0,17.72
474.0,Caplin Point Lab,806.55,16.27,0.5,26.82
475.0,Esab India,3976.2,45.1,1.96,71.44
476.0,Rolex Rings,2225.1,30.59,0.0,31.79
477.0,ION Exchange,412.9,31.06,0.24,33.41
478.0,Mahindra Holiday,300.05,53.09,0.0,9.93
479.0,Titagarh Rail,503.8,44.74,0.0,17.59
480.0,TCI Express,1571.7,43.23,0.51,32.67
481.0,R C F,109.05,6.72,3.53,21.06
482.0,Guj Pipavav Port,122.8,17.42,4.97,19.58
483.0,Mastek,1943.5,21.38,0.98,25.4
484.0,Karnataka Bank,189.35,5.01,2.11,6.1
485.0,MTAR Technologie,1917.75,56.68,0.16,22.53
486.0,Action Const.Eq.,490.1,34.01,0.12,28.89
487.0,J & K Bank,60.65,4.94,0.0,5.11
488.0,JK Tyre & Indust,236.75,19.43,0.63,11.34
489.0,Sterlite Tech.,146.2,25.23,0.34,11.02
490.0,Himadri Special,132.7,24.49,0.19,13.7
491.0,Indiabulls Hous.,123.4,5.16,0.0,9.8
492.0,Hindustan Foods,515.85,81.77,0.0,18.19
493.0,Kennametal India,2645.95,59.83,0.91,25.1
494.0,C P C L,387.75,1.63,0.52,45.54
495.0,Authum Invest,338.7,88.89,0.0,
496.0,Anant Raj,177.35,38.6,0.28,5.82
497.0,Greenlam Industr,451.55,44.79,0.33,14.16
498.0,Star Cement,140.9,23.0,0.0,16.8
499.0,CMS Info Systems,367.95,20.63,0.0,26.4
500.0,Kirloskar Oil,392.0,17.11,1.02,13.73
501.0,Hinduja Global,1079.6,21.01,12.64,3.47
502.0,Suprajit Engg.,408.45,37.16,0.49,15.22
503.0,Bengal & Assam,4963.05,5.71,0.3,17.66
504.0,H.G. Infra Engg.,855.4,11.3,0.12,25.37
505.0,Transport Corp.,716.4,17.35,0.98,22.72
506.0,Fusion Microfin.,549.35,14.28,0.0,14.24
507.0,Rain Industries,163.2,4.33,0.61,17.41
508.0,Guj. Ambuja Exp,238.6,16.57,0.27,17.91
509.0,Mishra Dhatu Nig,291.95,35.09,1.06,14.99
510.0,JK Paper,320.25,4.45,1.72,29.34
511.0,VST Industries,3460.6,16.34,4.33,38.06
512.0,Avanti Feeds,392.05,18.59,1.59,22.12
513.0,G M D C,165.45,4.33,2.6,31.47
514.0,Sarda Energy,1467.75,8.59,0.51,19.81
515.0,ICRA,5341.65,38.12,0.75,20.06
516.0,Varroc Engineer,337.0,132.77,0.0,8.54
517.0,Paradeep Phospha,63.2,16.95,0.0,10.75
518.0,FDC,310.25,26.56,0.0,13.1
519.0,Orient Electric,239.4,67.34,0.63,19.23
520.0,Spandana Sphoort,719.1,413.65,0.0,5.95
521.0,ISGEC Heavy,693.6,25.96,0.29,10.53
522.0,Elantas Beck,6427.75,53.18,0.08,21.55
523.0,Sobha,537.0,48.88,0.56,8.25
524.0,JSW Holdings,4588.4,17.0,0.0,2.07
525.0,Vaibhav Global,307.7,48.38,1.95,11.13
526.0,Power Mech Proj.,3365.65,24.2,0.04,22.22
527.0,Sharda Cropchem,553.7,14.61,1.08,20.76
528.0,Gujarat Alkalies,678.0,8.65,1.47,13.14
529.0,R Systems Intl.,418.0,33.91,1.56,30.64
530.0,CSB Bank,284.25,9.01,0.0,6.92
531.0,GHCL,515.25,4.53,3.4,35.53
532.0,Vesuvius India,2399.55,35.68,0.34,16.66
533.0,Kirl. Brothers,610.3,20.37,0.74,21.92
534.0,Borosil,422.45,55.61,0.0,13.25
535.0,Vijaya Diagnost.,472.7,57.01,0.21,18.62
536.0,La Opala RG,432.25,39.01,0.53,22.32
537.0,Rossari Biotech,869.85,44.81,0.06,18.45
538.0,Nazara Technolo.,724.6,117.86,0.0,8.54
539.0,Newgen Software,678.7,28.16,0.74,23.95
540.0,Mrs Bectors,806.95,52.7,0.31,20.94
541.0,Arvind Fashions.,356.4,127.53,0.0,13.72
542.0,MMTC,31.55,15.34,0.0,22.95
543.0,Surya Roshni,866.9,14.07,0.46,22.81
544.0,Ujjivan Fin.Ser.,386.15,5.28,1.29,10.54
545.0,Edelweiss.Fin.,49.8,13.65,2.91,10.25
546.0,S C I,100.8,5.87,0.33,8.79
547.0,Ami Organics,1272.2,55.66,0.24,20.45
548.0,Tata Coffee,247.95,27.58,1.21,11.66
549.0,Sansera Enginee.,870.45,30.67,0.23,14.6
550.0,Meghmani Fineche,1107.0,13.02,0.45,32.07
551.0,L T Foods,131.7,11.36,0.76,17.67
552.0,Lux Industries,1508.85,33.01,0.8,12.72
553.0,Rategain Travel,417.85,66.17,0.0,10.08
554.0,NESCO,631.55,15.31,0.48,20.72
555.0,Nava,306.1,4.79,1.96,18.84
556.0,PDS,338.15,16.74,1.51,25.45
557.0,Health.Global,318.45,251.5,0.0,8.37
558.0,HLE Glascoat,648.6,81.36,0.15,17.7
559.0,Responsive Ind,162.95,180.92,0.06,4.62
560.0,Aarti Drugs,465.1,28.18,0.22,15.11
561.0,HBL Power System,155.0,44.1,0.26,13.6
562.0,Share India Sec.,1307.25,13.03,0.46,52.44
563.0,Team Lease Serv.,2493.15,37.55,0.0,14.82
564.0,MAS FINANC SER,777.45,20.91,0.47,11.46
565.0,Rajratan Global,836.45,42.42,0.24,27.04
566.0,Man Infra,114.0,16.37,0.79,33.59
567.0,Privi Speci.,1080.45,187.83,0.19,5.48
568.0,Infibeam Avenues,15.75,30.95,0.16,6.01
569.0,Kirl.Pneumatic,652.5,39.7,0.84,19.53
570.0,JP Power Ven.,6.15,73.87,0.0,5.16
571.0,Railtel Corpn.,130.75,22.02,1.84,16.34
572.0,Harsha Engg Intl,460.65,32.67,0.22,17.8
573.0,Gravita India,606.95,20.84,0.49,31.11
574.0,Shriram Pistons,1890.25,14.17,0.53,25.2
575.0,IRB InvIT Fund,71.2,11.18,,8.66
576.0,Marksans Pharma,91.2,15.58,0.55,22.46
577.0,Sunteck Realty,281.8,2927.5,0.53,2.56
578.0,Polyplex Corpn,1312.85,11.83,7.92,17.46
579.0,Volt.Transform.,4052.8,20.51,0.86,25.5
580.0,Indo Count Inds.,206.95,14.81,0.97,15.1
581.0,Tatva Chintan,1843.25,83.64,0.11,8.88
582.0,Greenpanel Inds.,332.6,16.12,0.45,27.17
583.0,Prudent Corp.,982.55,34.87,0.1,51.44
584.0,Ahluwalia Contr.,607.1,20.97,0.05,24.82
585.0,Jamna Auto Inds.,101.95,24.15,1.47,27.43
586.0,South Ind.Bank,19.3,5.21,0.0,5.42
587.0,Neogen Chemicals,1613.8,80.41,0.17,13.16
588.0,Techno Elec.Engg,364.0,43.24,0.55,7.93
589.0,Bharat Rasayan,9586.25,29.7,0.02,20.34
590.0,Hindware Home In,544.8,68.43,0.09,14.8
591.0,Heidelberg Cem.,171.95,39.29,4.07,10.67
592.0,Hikal,313.45,49.3,0.51,8.47
593.0,TD Power Systems,247.1,40.25,0.28,21.5
594.0,Sula Vineyards,457.5,43.43,1.15,19.92
595.0,Rallis India,197.1,41.64,1.52,7.77
596.0,DCB Bank,122.4,8.19,1.02,6.71
597.0,AGI Greenpac,577.3,15.01,0.87,14.76
598.0,NOCIL,221.15,24.71,1.36,13.5
599.0,Dhanuka Agritech,799.95,15.61,1.75,29.31
600.0,Nilkamal Ltd,2441.7,27.55,0.82,13.33
601.0,Neuland Labs.,2830.75,22.21,0.35,20.77
602.0,Globus Spirits,1259.9,29.7,0.48,18.51
603.0,Shanthi Gears,471.4,53.94,1.06,32.08
604.0,Anand Rathi Wea.,865.95,21.47,1.39,47.91
605.0,Gateway Distri,72.2,15.3,2.77,12.76
606.0,Force Motors,2733.85,114.58,0.37,4.69
607.0,Nirlon,399.4,22.79,6.51,22.37
608.0,Thomas Cook (I),76.4,518.79,0.52,5.17
609.0,Choice Intl.,360.95,59.8,0.0,15.84
610.0,PG Electroplast,1578.75,46.35,0.0,17.28
611.0,Avalon Tech,549.9,68.39,0.0,16.74
612.0,L G Balakrishnan,1142.6,15.14,1.4,24.27
613.0,Technocraf.Inds.,1558.7,13.58,0.0,19.91
614.0,Electrost.Cast.,59.85,11.27,1.34,9.93
615.0,Shivalik Bimetal,617.2,48.68,0.11,37.71
616.0,Tasty Bite Eat.,13612.75,115.62,0.01,13.71
617.0,Tinplate Co.,333.6,25.91,1.2,15.78
618.0,JTEKT India,142.75,41.74,0.28,16.65
619.0,Astra Microwave,367.2,49.93,0.38,17.04
620.0,Arvind Ltd,133.05,9.57,0.0,12.25
621.0,Dodla Dairy,584.0,28.96,0.0,16.21
622.0,Prime Focus,115.85,19.7,0.0,17.23
623.0,Bannari Amm.Sug.,2759.0,24.13,0.45,11.93
624.0,Natl.Fertilizer,70.15,7.55,2.18,14.92
625.0,Tips Industries,267.2,44.85,0.07,87.39
626.0,PTC India,115.2,7.65,6.77,9.82
627.0,Hawkins Cookers,6392.05,35.68,1.56,45.83
628.0,Dreamfolks Servi,646.5,46.56,0.0,79.39
629.0,IKIO Lighting,437.1,66.84,0.0,40.58
630.0,Ethos Ltd,1444.95,56.42,0.0,16.4
631.0,Aarti Pharma,370.95,17.38,0.0,16.12
632.0,Sudarshan Chem.,485.55,75.08,1.03,6.11
633.0,Automotive Axles,2223.15,20.73,0.67,30.87
634.0,eMudhra,429.85,54.98,0.29,24.04
635.0,Mold-Tek Pack.,1011.2,41.7,0.79,19.58
636.0,Fineotex Chem,300.95,37.74,0.13,37.3
637.0,Sandur Manganese,1232.4,12.29,0.41,18.85
638.0,Kewal Kir.Cloth.,539.6,27.88,2.04,27.86
639.0,Zen Technologies,417.9,79.97,0.02,23.89
640.0,MOIL,162.45,13.3,3.69,15.12
641.0,West Coast Paper,500.4,3.47,2.0,61.54
642.0,IFB Industries,812.7,191.01,0.0,6.36
643.0,Datamatics Glob.,558.2,17.75,0.67,24.77
644.0,Kirloskar Indus.,3317.65,14.62,0.3,20.03
645.0,Saksoft,308.4,39.76,0.23,28.42
646.0,Genus Power,126.45,93.12,0.2,6.13
647.0,Electronics Mart,83.7,26.22,0.0,12.02
648.0,Wonderla Holiday,568.4,21.6,0.0,22.67
649.0,Steel Str. Wheel,204.95,16.55,0.37,21.4
650.0,Tarsons Products,602.25,39.8,0.0,18.95
651.0,Greaves Cotton,134.75,40.46,0.15,10.45
652.0,Advanced Enzyme,279.4,29.28,1.43,12.28
653.0,Ganesh Housing,372.6,31.05,0.64,24.8
654.0,Va Tech Wabag,489.85,10.67,0.0,19.73
655.0,Welspun Enterp,201.8,12.76,0.5,10.14
656.0,JTL Industries,358.25,33.23,0.0,37.64
657.0,Somany Ceramics,710.05,44.14,0.42,10.44
658.0,Indoco Remedies,326.95,21.18,0.46,17.27
659.0,Dalmia Bharat,371.95,12.13,1.08,12.42
660.0,Uflex,414.2,5.08,0.72,10.36
661.0,Max Ventures,202.5,175.47,0.0,2.27
662.0,Jai Corp,166.65,167.45,0.3,3.87
663.0,KPI Green Energy,815.3,26.78,0.19,24.66
664.0,Gokaldas Exports,483.1,17.41,0.0,23.08
665.0,Bombay Super Hyb,277.95,173.82,0.0,22.17
666.0,Sunflag Iron,160.75,12.94,0.0,11.84
667.0,Nucleus Soft.,1073.4,25.68,0.93,27.11
668.0,Jindal Poly Film,654.7,8.65,0.76,12.45
669.0,Landmark Cars,711.9,31.77,0.0,20.05
670.0,Subros,438.0,59.63,0.23,8.91
671.0,Kaveri Seed Co.,509.85,10.49,0.78,21.61
672.0,Maithan Alloys,978.1,4.74,0.61,28.76
673.0,Divgi Torq,923.4,55.2,0.36,15.46
674.0,Gabriel India,196.05,21.28,0.79,21.97
675.0,ITD Cem,163.2,22.57,0.46,19.04
676.0,WPIL,2870.25,14.8,0.35,31.67
677.0,Bajaj Consumer,193.8,20.13,4.13,21.11
678.0,Sagar Cements,214.1,152.75,0.33,6.82
679.0,Pricol Ltd,229.3,23.82,0.0,20.19
680.0,I T D C,324.6,46.95,0.0,27.15
681.0,Navneet Educat.,122.45,17.32,1.22,19.06
682.0,Goodyear India,1197.35,22.48,2.21,25.13
683.0,Apollo Pipes,702.35,115.53,0.14,8.8
684.0,Mahindra Logis.,382.8,111.96,0.65,7.22
685.0,Apcotex Industri,531.4,25.56,1.04,28.0
686.0,Thyrocare Tech.,517.95,48.12,3.48,15.37
687.0,Orient Cement,133.35,22.24,1.12,11.96
688.0,Hind.Oil Explor.,206.1,13.23,0.0,20.42
689.0,Best Agrolife,1151.6,14.17,0.17,34.43
690.0,Stylam Industrie,1587.15,28.03,0.16,32.24
691.0,Dish TV India,14.6,12.0,0.0,32.62
692.0,Time Technoplast,118.85,12.27,0.84,13.36
693.0,Ramky Infra,385.6,34.29,0.0,16.76
694.0,Magellanic Cloud,226.95,35.8,0.06,32.91
695.0,Tilaknagar Inds.,142.5,36.6,0.07,15.55
696.0,Patel Engineerin,33.75,14.19,0.0,13.97
697.0,Astec Lifescienc,1327.85,101.81,0.11,7.75
698.0,Hathway Cable,14.7,36.58,0.0,2.38
699.0,M B Agro Prod.,592.6,20.9,0.04,37.76
700.0,Swaraj Engines,2131.4,19.38,4.32,55.41
701.0,Kolte Patil Dev.,338.65,25.12,0.59,13.44
702.0,Barbeque-Nation,660.3,177.55,0.0,8.99
703.0,PSP Projects,713.35,19.31,0.7,24.53
704.0,Dynamatic Tech.,3778.85,59.98,0.26,10.2
705.0,Camlin Fine,162.9,57.38,0.0,9.86
706.0,Grauer & Weil,111.95,22.36,0.71,23.58
707.0,Siyaram Silk,541.2,10.07,2.03,28.52
708.0,Texmaco Rail,78.55,97.96,0.13,6.18
709.0,Eveready Inds.,346.2,125.0,0.0,11.97
710.0,India Pesticides,218.2,17.39,0.34,27.85
711.0,Tata Metaliks,795.45,31.22,1.01,7.91
712.0,D B Corp,141.1,14.85,4.25,11.75
713.0,Uniparts India,554.15,12.21,2.57,31.61
714.0,Kingfa Science,2051.45,30.52,0.0,24.73
715.0,DCX Systems,255.65,34.55,0.0,13.12
716.0,VST Till. Tract.,2843.55,26.6,0.7,15.89
717.0,Kovai Medical,2243.45,21.2,0.22,16.35
718.0,IOL Chemicals,417.7,17.52,0.96,13.64
719.0,MSTC,347.0,10.1,3.72,37.95
720.0,Sadhana Nitro,123.9,767.0,0.12,4.8
721.0,SG Finserve,586.0,131.37,0.0,377.0
722.0,Lumax Auto Tech.,353.1,24.45,1.27,16.89
723.0,Cigniti Tech.,851.25,14.21,0.35,38.15
724.0,Paras Defence,613.25,66.56,0.0,12.91
725.0,Venky's (India),1696.55,33.91,0.77,7.75
726.0,Ganesha Ecosphe.,1080.7,33.96,0.19,10.79
727.0,Fiem Industries,1789.0,16.84,1.68,26.62
728.0,Waaree Renewab.,1127.0,42.4,0.04,84.06
729.0,Hil Ltd,3099.7,24.06,1.45,8.64
730.0,Lloyds Steels,23.6,59.65,0.21,29.2
731.0,Balmer Lawrie,136.35,13.91,4.77,10.38
732.0,Venus Pipes,1147.25,52.67,0.04,22.79
733.0,Sharda Motor,777.8,11.26,1.05,39.08
734.0,ISMT,76.35,25.07,0.0,11.21
735.0,Mayur Uniquoters,519.7,21.25,0.38,18.08
736.0,Paisalo Digital,50.75,23.53,0.2,11.39
737.0,J Kumar Infra,300.8,8.29,1.0,17.36
738.0,Meghmani Organi.,89.4,10.18,1.57,16.13
739.0,Confidence Petro,80.05,25.3,0.12,17.64
740.0,Gulf Oil Lubric.,463.45,9.78,1.08,23.48
741.0,Gufic BioScience,233.65,28.42,0.04,22.64
742.0,Cartrade Tech,482.5,69.34,0.0,2.38
743.0,Honda India,2229.1,23.45,0.74,18.83
744.0,Black Box,134.25,32.53,0.0,23.36
745.0,TVS Srichakra,2940.8,27.46,0.55,8.95
746.0,Ashoka Buildcon,79.85,5.38,0.0,40.65
747.0,M M Forgings,926.3,17.81,0.65,16.27
748.0,Jayaswal Neco,23.0,8.03,0.0,9.66
749.0,Aurionpro Sol.,975.5,22.77,0.26,25.68
750.0,Imagica. Enter.,45.75,6.08,0.0,34.81
751.0,Greenply Industr,178.5,26.36,0.28,11.63
752.0,Vindhya Telelink,1853.3,11.85,0.54,8.1
753.0,Puravankara,92.35,32.94,5.41,8.65
754.0,Ugro Capital,236.25,54.88,0.0,10.93
755.0,Bhansali Engg.,131.5,16.06,1.52,19.14
756.0,Fino Payments,260.25,33.28,0.0,9.14
757.0,Amrutanjan Healt,738.25,54.18,0.62,19.27
758.0,Dollar Industrie,380.1,37.02,0.79,9.65
759.0,Banco Products,301.35,9.15,6.64,25.71
760.0,Rupa & Co,269.3,39.86,1.11,7.59
761.0,Vishnu Chemicals,356.9,15.61,0.11,30.49
762.0,Sundaram Fin.Hol,95.95,8.97,3.13,1.43
763.0,Pilani Invest.,1922.3,8.65,0.78,2.26
764.0,Paushak,6890.65,40.28,0.17,21.48
765.0,DDev Plastiks,204.2,20.3,0.11,32.39
766.0,Agro Tech Foods.,856.75,135.14,0.35,4.55
767.0,CARE Ratings,702.3,24.97,2.42,18.83
768.0,Thangamayil Jew.,1519.05,26.14,0.79,16.82
769.0,Sanghvi Movers,480.95,18.59,0.21,17.2
770.0,Yasho Industries,1822.95,32.33,0.03,22.34
771.0,Aptech,501.1,30.67,0.86,34.82
772.0,Federal-Mogul Go,372.2,20.53,0.0,15.48
773.0,Huhtamaki India,273.1,34.08,0.73,7.37
774.0,Wendt India,10310.85,54.32,0.78,28.82
775.0,ADF Foods,936.2,36.83,0.53,18.85
776.0,Vadilal Inds.,2860.4,21.36,0.04,25.0
777.0,Indostar Capital,151.0,9.13,0.0,9.14
778.0,Garware Hi Tech,882.35,12.34,1.13,12.11
779.0,Thirumalai Chem.,200.2,22.84,0.75,10.86
780.0,Orchid Pharma,499.9,147.0,0.0,4.99
781.0,Butterfly Gan Ap,1135.5,39.34,0.26,30.26
782.0,Som Distilleries,261.9,33.56,0.1,15.65
783.0,Savita Oil Tech,290.05,9.11,1.72,24.04
784.0,Novartis India,810.55,19.86,1.23,15.1
785.0,Vidhi Specialty,400.25,52.8,0.2,17.58
786.0,Supriya Lifesci.,247.85,22.2,0.24,18.54
787.0,Lumax Industries,2120.25,18.56,1.27,19.29
788.0,Accelya Solution,1323.95,17.76,4.68,37.7
789.0,Wheels India,813.3,30.03,0.86,11.97
790.0,Repco Home Fin,312.15,6.6,0.8,9.04
791.0,Heritage Foods,210.25,33.65,1.19,10.93
792.0,Aditya Vision,1619.25,30.37,0.37,26.46
793.0,Ashiana Housing,189.65,69.62,0.47,4.03
794.0,Tanfac Inds.,1930.2,34.3,0.47,48.02
795.0,Cosmo First,705.35,7.88,3.31,16.95
796.0,Sandhar Tech,316.6,25.86,0.71,8.97
797.0,Sirca Paints,345.7,41.09,0.29,25.33
798.0,India Glycols,611.9,18.26,1.23,8.09
799.0,NACL Industries,95.25,19.96,0.58,15.17
800.0,Carysil,704.9,36.06,0.34,17.73
801.0,Arman Financial,2224.35,20.14,0.0,18.72
802.0,TARC Ltd,63.85,92.63,0.0,6.03
803.0,Styrenix Perfor.,1070.35,10.29,9.81,30.42
804.0,Sh.Global Trad.,14.71,37.07,0.68,7.14
805.0,IIFL Securities,61.05,7.47,4.91,22.97
806.0,Alembic,72.15,9.24,2.49,4.28
807.0,Panama Petrochem,304.65,7.91,2.63,34.97
808.0,AXISCADES Tech.,482.05,49.21,0.0,22.98
809.0,Suryoday Small,173.45,23.7,0.0,6.8
810.0,Krsnaa Diagnost.,585.05,28.92,0.43,11.96
811.0,Shalby,169.35,27.03,0.59,10.39
812.0,Manorama Indust.,1533.65,61.39,0.0,13.18
813.0,Hariom Pipe,661.35,39.52,0.0,17.01
814.0,Optiemus Infra.,210.5,43.15,0.71,13.49
815.0,Mukand,124.65,10.49,1.2,13.93
816.0,Thejo Engg.,1682.65,55.54,0.12,24.8
817.0,MPS,1051.0,20.84,1.9,33.81
818.0,Prataap Snacks,765.3,88.37,0.07,1.12
819.0,Dhampur Sugar,269.8,11.37,2.22,15.0
820.0,TTK Healthcare,1263.8,2.79,0.79,10.06
821.0,NRB Bearings,184.15,17.82,2.23,16.72
822.0,Precision Camshf,187.75,38.53,0.53,8.4
823.0,Centum Electron,1383.05,266.37,0.29,7.57
824.0,Seshasayee Paper,281.1,4.48,2.13,36.53
825.0,Tide Water Oil,1009.75,15.37,4.16,19.78
826.0,Filatex India,39.35,19.43,0.25,12.75
827.0,The Anup Enginee,1757.4,33.85,0.46,16.5
828.0,Indian Metals,320.85,7.45,3.12,18.05
829.0,Skipper,168.35,52.84,0.06,11.78
830.0,Vakrangee,16.3,1727.01,0.31,0.29
831.0,Parag Milk Foods,147.0,32.4,0.0,8.57
832.0,SJS Enterprises,566.0,29.3,0.0,19.78
833.0,Rama Steel Tubes,36.9,64.45,0.05,15.59
834.0,Monte Carlo Fas.,828.85,12.95,2.41,20.18
835.0,KDDL Ltd,1367.7,32.0,0.22,21.58
836.0,GNA Axles,794.85,13.1,0.63,21.61
837.0,Artemis Medicare,125.2,42.86,0.36,11.65
838.0,Dwarikesh Sugar,90.25,16.18,2.22,15.46
839.0,Bharat Bijlee,3002.1,20.39,0.67,8.68
840.0,Jyoti Resins,1410.7,36.45,0.18,72.9
841.0,SEAMEC Ltd,665.55,51.28,0.0,3.81
842.0,Jagran Prakashan,77.5,9.98,5.16,10.82
843.0,Cantabil Retail,1031.1,25.04,0.24,25.29
844.0,Kuantum Papers,192.05,9.38,1.56,21.96
845.0,Andhra Paper,418.8,3.12,1.79,51.86
846.0,Shankara Build.,727.1,26.35,0.34,15.59
847.0,Rane Holdings,1162.9,23.8,1.46,12.72
848.0,NELCO,726.75,83.51,0.28,21.59
849.0,Servotech Power,155.45,156.37,0.03,17.11
850.0,Gensol Engineer.,1349.2,61.88,0.0,41.31
851.0,Foseco India,2554.45,34.01,0.98,27.67
852.0,Expleo Solutions,1589.25,12.17,0.31,45.7
853.0,Den Networks,34.05,6.87,0.0,4.68
854.0,S H Kelkar & Co.,117.1,22.19,1.71,8.75
855.0,SML ISUZU,1117.55,81.55,0.0,9.39
856.0,Prec. Wires (I),90.45,27.16,0.96,26.75
857.0,Salasar Techno,50.9,39.53,0.2,14.32
858.0,Fairchem Organic,1231.25,36.86,0.61,21.49
859.0,Abans Holdings,318.5,24.61,0.0,8.64
860.0,Bhagiradha Chem.,1530.75,34.32,0.26,22.04
861.0,EIH Assoc.Hotels,521.4,24.59,0.96,23.17
862.0,Timex Group,157.3,34.13,0.0,48.1
863.0,Oriental Hotels,88.65,29.59,0.56,13.49
864.0,Gokul Agro,107.3,11.96,0.0,28.21
865.0,I G Petrochems,513.85,7.9,1.95,22.11
866.0,Remedium Life,4368.1,289.6,0.0,102.61
867.0,Gulshan Polyols,251.65,34.6,0.66,9.04
868.0,Arvind SmartSp.,344.15,60.89,0.0,9.97
869.0,Kalyani Steels,355.9,9.3,2.81,13.67
870.0,Morepen Labs.,30.35,40.11,0.0,8.56
871.0,Primo Chemicals,63.98,11.57,0.0,43.9
872.0,GOCL Corpn.,312.25,7.12,0.96,15.45
873.0,Heranba Inds,384.15,13.96,0.33,18.13
874.0,Vardhman Special,188.5,15.25,0.93,20.22
875.0,Guj Inds. Power,101.2,8.11,2.47,8.06
876.0,Igarashi Motors,485.75,291.77,0.0,3.87
877.0,Andhra Sugars,112.05,7.83,1.78,17.05
878.0,Valiant Organics,559.15,17.87,0.63,14.75
879.0,Kabra Extrusion,451.55,39.83,0.78,15.12
880.0,XPRO India,826.05,33.17,0.24,26.88
881.0,RPG LifeScience.,907.25,22.18,1.06,32.6
882.0,Nitin Spinners,266.85,9.1,1.5,11.95
883.0,Ador Welding,1096.55,24.91,1.14,26.33
884.0,TajGVK Hotels,235.55,18.5,0.0,21.76
885.0,Everest Inds.,936.9,34.14,0.64,11.6
886.0,Marathon Nextgen,317.65,12.16,0.16,16.44
887.0,Disa India,10100.8,49.34,1.09,18.99
888.0,Satin Creditcare,172.05,304.84,0.0,8.4
889.0,NDTV,227.4,36.39,0.0,20.35
890.0,Sasken Technol.,971.25,15.47,2.57,17.08
891.0,Hester Bios,1712.15,54.69,0.58,9.49
892.0,John Cockerill,2947.45,112.96,0.07,9.7
893.0,T N Newsprint,209.35,3.74,2.39,20.53
894.0,Rel. Indl. Infra,953.55,156.85,0.37,2.49
895.0,Stove Kraft,435.85,40.25,0.0,12.65
896.0,Kiri Industries,277.55,13.49,0.0,-3.08
897.0,Ramco Inds.,164.4,11.87,0.61,3.41
898.0,BF Investment,378.95,5.5,0.0,7.88
899.0,Gallantt Ispat L,58.85,10.08,0.0,10.21
900.0,Goldiam Intl.,130.0,16.78,1.54,21.15
901.0,Matrimony.com,634.8,30.27,0.79,17.65
902.0,Capacit'e Infra.,206.8,14.73,0.0,16.38
903.0,Sanmit Infra,88.84,271.52,0.04,19.64
904.0,AVT Natural Prod,92.0,18.1,1.09,25.51
905.0,Ugar Sugar Works,124.1,13.55,0.2,28.35
906.0,Pearl Global Ind,643.7,10.11,1.17,18.03
907.0,Rossell India,367.9,50.67,0.11,10.08
908.0,Rico Auto Inds,102.4,26.75,0.39,9.62
909.0,Everest Kanto,123.4,15.14,0.57,11.89
910.0,Polo Queen Ind.,41.14,603.18,0.0,2.64
911.0,Jay Bharat Maru.,319.0,36.97,0.39,11.15
912.0,Media Matrix,12.17,1013.64,0.0,4.36
913.0,Hardwyn India,39.5,152.61,0.0,6.83
914.0,BF Utilities,365.2,11.05,0.0,32.06
915.0,K C P,106.65,32.94,0.94,7.19
916.0,Balu Forge,164.65,42.91,0.06,24.12
917.0,Prakash Industri,76.4,7.18,0.0,7.89
918.0,Jash Engineering,1136.35,26.44,0.0,22.54
919.0,Shaily Engineer.,1479.05,45.24,0.0,10.3
920.0,Udaipur Cement,24.2,37.83,0.0,7.19
921.0,Sangam India,300.85,8.74,0.66,15.28
922.0,Universal Cables,387.4,11.38,0.39,12.02
923.0,S P I C,65.85,4.46,0.0,29.53
924.0,EKI Energy,486.4,3.87,1.03,236.09
925.0,Ajmera Realty,375.75,18.65,0.6,8.34
926.0,Insecticid.India,446.1,20.96,0.67,9.71
927.0,Moschip Tech.,79.04,213.27,0.0,8.78
928.0,T R I L,99.4,32.37,0.15,14.97
929.0,Krishana Phosch.,443.95,49.21,0.11,11.1
930.0,Alicon Cast.,814.9,25.53,0.31,12.43
931.0,RACL Geartech,1209.1,34.81,0.08,21.58
932.0,Shanti Educat.,80.92,386.59,0.0,8.21
933.0,Sterling Tools,361.55,33.47,0.28,12.32
934.0,TCPL Packaging,1427.2,12.4,1.4,22.03
935.0,Uttam Sug.Mills,337.2,10.4,0.59,19.13
936.0,PTC India Fin,20.0,7.31,0.0,7.84
937.0,DCW,43.15,8.0,0.93,24.53
938.0,Pix Transmission,925.3,19.45,0.65,19.54
939.0,Mangalore Chem.,105.95,9.33,1.13,13.27
940.0,Transpek Inds.,2247.2,15.04,1.22,20.33
941.0,GTPL Hathway,111.5,9.9,3.59,16.38
942.0,Kitex Garments,188.25,21.07,0.8,9.25
943.0,Themis Medicare,1359.6,21.99,0.37,20.54
944.0,IFGL Refractori.,345.55,15.72,2.03,10.06
945.0,Excel Industries,985.65,15.5,2.28,8.99
946.0,Knowledge Marine,1147.1,26.33,0.0,89.07
947.0,Sr.Rayala.Hypo,715.7,7.96,0.49,28.2
948.0,Ram Ratna Wires,277.55,27.2,0.9,17.42
949.0,Nalwa Sons Invst,2372.25,13.41,0.0,1.57
950.0,BCL Industries,504.5,18.93,0.99,13.63
951.0,Avantel,744.25,40.18,0.13,37.08
952.0,Refex Industries,545.55,10.38,0.0,48.06
953.0,Kokuyo Camlin,119.8,49.15,0.42,12.61
954.0,Wardwizard Inno.,46.24,126.8,0.16,17.68
955.0,Bharat Wire,175.55,19.16,0.0,16.25
956.0,Raghav Product.,1038.95,46.25,0.1,28.46
957.0,Ritesh Propertie,43.39,466.58,0.0,2.19
958.0,Rane (Madras),730.1,34.17,0.0,12.05
959.0,Genesys Intl.,313.4,79.29,0.0,8.21
960.0,Roto Pumps,752.8,35.79,0.42,25.37
961.0,Pitti Engg.,368.35,20.07,0.55,18.22
962.0,Shivalik Rasayan,787.35,55.27,0.06,9.68
963.0,Geojit Fin. Ser.,49.0,12.04,3.06,15.77
964.0,S P Apparels,465.35,14.14,0.0,14.49
965.0,T.V. Today Netw.,194.75,12.22,1.54,13.01
966.0,NGL Fine Chem,1878.45,57.7,0.09,11.29
967.0,Indian Hume Pipe,220.2,20.83,0.91,10.94
968.0,BIGBLOC Const.,163.8,38.48,0.18,35.49
969.0,Asian Star Co.,723.8,13.92,0.21,6.17
970.0,Ashapura Minech.,126.6,10.55,0.39,14.41
971.0,Madras Fertilize,71.85,6.25,0.0,26.82
972.0,Andrew Yule & Co,23.65,91.48,0.0,4.1
973.0,Goodluck India,423.8,13.29,0.83,16.34
974.0,Oriental Aromat.,343.05,55.99,0.15,5.19
975.0,Guj. Themis Bio.,793.7,19.89,0.68,61.14
976.0,Sh. Digvijay Cem,78.9,19.88,5.07,22.69
977.0,Pokarna,369.55,17.41,0.16,14.5
978.0,Apollo Micro Sys,55.15,54.12,0.05,11.5
979.0,Jai Balaji Inds.,76.0,19.79,0.0,13.26
980.0,Onward Technolog,510.65,101.63,0.59,10.37
981.0,Uniphos Enter.,164.1,29.09,3.44,1.28
982.0,NIIT,84.7,257.96,3.54,1.42
983.0,Satia Industries,113.9,5.93,0.18,20.66
984.0,Manali Petrochem,66.15,22.39,3.78,7.55
985.0,5Paisa Capital,370.75,26.07,0.0,12.39
986.0,Dhampur Bio,171.0,10.22,2.05,10.0
987.0,Elpro Internatio,66.94,23.66,0.34,5.27
988.0,Cressanda Solns.,26.76,222.46,0.0,9.52
989.0,Sportking India,850.35,7.4,0.0,18.09
990.0,Punjab Chemicals,918.65,18.43,0.33,30.83
991.0,India Power Corp,11.45,81.92,0.44,3.77
992.0,Deep Industries,174.1,12.61,0.93,8.59
993.0,InfoBeans Tech.,458.25,30.96,0.22,19.21
994.0,Rajnish Wellness,14.42,2409.0,0.0,1.21
995.0,Shriram Properti,64.8,16.7,0.0,10.11
996.0,Praveg,517.35,38.53,0.77,53.08
997.0,Shakti Pumps,594.6,45.29,0.34,10.38
998.0,Speciality Rest.,227.1,12.27,0.0,19.18
999.0,Manaksia,164.75,10.11,1.82,17.19
1000.0,Avadh Sugar,539.05,10.77,1.86,10.69
1001.0,Finkurve Fin.,85.0,75.3,0.0,12.09
1002.0,TGV Sraac,99.93,2.96,0.0,37.83
1003.0,GMR Urban,17.7,4645.04,0.0,19.51
1004.0,Ksolves India,901.0,42.95,2.61,169.61
1005.0,G M Breweries,581.8,11.18,1.03,19.72
1006.0,Linc,715.0,28.43,0.25,31.27
1007.0,KMC Speciality,65.17,39.82,0.0,26.38
1008.0,Control Print,648.65,20.21,1.39,23.12
1009.0,Spectrum Electr.,700.6,125.81,0.14,11.91
1010.0,Mishtann Foods,10.54,21.11,0.03,46.44
1011.0,Renaiss. Global,110.9,12.02,1.53,8.33
1012.0,Permanent Magnet,1219.85,35.26,0.1,40.1
1013.0,Pennar Industrie,77.15,13.8,0.0,13.34
1014.0,GRM Overseas,171.15,19.17,1.55,15.66
1015.0,Likhitha Infra.,259.85,17.07,0.48,36.16
1016.0,Chemcon Special.,277.7,18.46,1.44,15.52
1017.0,India Motor Part,813.85,13.79,2.95,7.08
1018.0,HMT,28.4,1.86,0.0,
1019.0,India Nipp.Elec.,444.4,20.84,2.08,11.35
1020.0,GIC Housing Fin,185.3,4.68,2.43,8.73
1021.0,Dhunseri Vent.,284.7,1.84,1.76,27.94
1022.0,Ganesh Benzopl.,152.05,19.37,0.0,20.83
1023.0,Radiant Cash,92.8,15.79,1.08,39.91
1024.0,Jindal Drilling,341.6,8.85,0.15,12.98
1025.0,Jagsonpal Pharma,377.85,33.69,1.06,26.15
1026.0,Foods & Inns,183.35,22.53,0.14,16.19
1027.0,B.L.Kashyap,43.55,19.81,0.0,13.77
1028.0,Faze Three,403.2,17.07,0.12,17.6
1029.0,Xchanging Sol.,88.0,21.83,0.0,9.24
1030.0,Nahar Spinning,271.25,8.58,1.29,7.54
1031.0,Saint-Gob. Sekur,106.91,33.74,1.4,21.03
1032.0,Ultramarine Pig.,332.1,14.58,1.51,10.83
1033.0,Steelcast,473.1,13.58,0.86,42.31
1034.0,RSWM Ltd,202.6,7.77,12.34,9.78
1035.0,Integra Engg.,277.65,52.45,0.0,24.39
1036.0,Sigachi Indust.,309.6,21.86,0.32,20.42
1037.0,Medicamen Biotec,751.95,63.42,0.13,10.34
1038.0,Vascon Engineers,43.75,9.56,0.0,11.44
1039.0,Agarwal Indl.,635.1,10.3,0.31,23.84
1040.0,Century Enka,434.2,10.49,2.3,9.05
1041.0,Hi-Tech Pipes,72.05,22.12,0.07,14.06
1042.0,Dredging Corpn.,336.1,74.93,0.0,2.52
1043.0,Ambika Cotton,1619.25,8.28,2.16,20.61
1044.0,Vardhman Hold.,2892.25,4.04,0.17,7.65
1045.0,Bodal Chemicals,73.3,24.21,1.09,5.24
1046.0,Ester Industries,110.35,78.72,2.99,4.28
1047.0,Talbros Auto.,743.55,16.52,0.4,20.41
1048.0,Balmer Law. Inv.,412.4,8.25,7.27,20.19
1049.0,Vinyl Chemicals,499.25,25.69,1.0,46.41
1050.0,Man Industries,152.3,13.46,1.31,11.42
1051.0,DE Nora India,1722.55,45.1,0.06,29.59
1052.0,D-Link India,256.05,10.78,1.17,34.68
1053.0,NCL Industries,199.9,20.42,1.5,10.64
1054.0,Sat Industries,79.95,22.68,0.25,18.72
1055.0,Vimta Labs,408.1,19.06,0.49,24.29
1056.0,Kopran,186.65,33.05,1.61,8.3
1057.0,Antony Waste han,317.35,13.19,0.0,18.0
1058.0,Lancer Containe.,144.6,16.56,0.0,28.12
1059.0,Chamanlal Setia,171.95,7.56,0.0,26.19
1060.0,Bajaj Healthcare,321.35,20.62,0.47,11.85
1061.0,Royal Orch.Hotel,322.6,18.81,0.62,26.36
1062.0,Repro India,667.65,101.44,0.0,5.17
1063.0,M K Proteins,697.25,81.92,0.0,21.38
1064.0,HLV,13.2,101.9,0.0,3.23
1065.0,Hercules Hoists,270.05,32.49,0.74,4.57
1066.0,Enkei Wheels,480.15,,0.0,6.78
1067.0,Orient Paper,40.65,8.69,0.62,8.9
1068.0,Mangalam Cement,313.5,29.59,0.48,8.25
1069.0,Kamdhenu,318.6,20.92,0.31,23.55
1070.0,Mold-Tek Technol,301.85,29.28,0.66,41.6
1071.0,Spacenet Enterpr,16.05,304.82,0.0,6.76
1072.0,Kirl. Electric,128.75,27.51,0.0,24.16
1073.0,Natl. Peroxide,1486.95,27.94,0.34,4.88
1074.0,Elin Electronics,170.8,31.65,0.0,9.98
1075.0,Quick Heal Tech,159.4,132.19,2.82,1.53
1076.0,HPL Electric,131.45,28.01,0.11,8.87
1077.0,Orient Green,11.25,91.69,0.0,7.15
1078.0,Indo Amines,118.6,20.51,0.42,17.37
1079.0,Indrapr.Medical,91.35,9.72,2.74,34.2
1080.0,Bliss GVS Pharma,80.25,11.83,0.62,12.13
1081.0,Global Surfaces,196.55,34.38,0.0,9.0
1082.0,Atul Auto,347.7,265.27,0.0,4.53
1083.0,Heubach Colorant,359.6,37.99,0.0,10.99
1084.0,Allsec Tech.,543.2,16.94,8.28,25.93
1085.0,Navkar Corporat.,54.95,13.96,0.0,2.95
1086.0,Monarch Networth,243.1,19.16,0.41,31.19
1087.0,Beekay Steel Ind,428.4,7.48,0.23,15.47
1088.0,OnMobile Global,76.85,84.61,1.95,1.95
1089.0,Eldeco Housing,828.55,18.36,0.97,18.84
1090.0,Tracxn Technolo.,81.0,28.36,0.0,13.59
1091.0,Lincoln Pharma.,404.15,11.1,0.37,21.82
1092.0,Dolat Algotech,45.9,6.96,0.54,22.75
1093.0,Gloster Ltd,732.2,14.73,6.15,6.58
1094.0,Shankar Lal Ram.,125.15,50.32,0.04,21.78
1095.0,Kalyani Invest.,1825.95,18.74,0.0,1.04
1096.0,Nelcast,91.7,26.83,0.44,9.58
1097.0,Jubilant Inds.,529.25,15.68,0.0,26.14
1098.0,Rhetan TMT Ltd,10.0,147.03,0.0,16.83
1099.0,Rushil Decor,298.65,10.21,0.17,16.92
1100.0,SMC Global Sec.,75.15,6.58,3.19,15.21
1101.0,Dynamic Cables,356.55,25.31,0.14,23.96
1102.0,HP Adhesives,426.95,66.2,0.0,11.96
1103.0,K&R Rail Engine.,496.3,148.61,0.0,11.08
1104.0,Oriental Carbon,783.65,16.1,1.79,10.98
1105.0,DMCC Speciality,313.75,114.07,0.32,7.45
1106.0,Yuken India,650.55,95.65,0.12,7.54
1107.0,Visaka Industrie,90.2,13.31,2.22,9.89
1108.0,Tuticorin Alkali,63.84,7.69,0.0,
1109.0,Summit Securitie,712.35,20.95,0.0,0.98
1110.0,Master Trust,356.35,11.76,0.0,25.51
1111.0,Sutlej Textiles,47.05,13.25,3.93,7.76
1112.0,Forbes & Co,594.5,4.24,0.0,66.93
1113.0,Snowman Logistic,45.85,57.17,1.64,6.4
1114.0,Focus Lighting,584.85,34.14,0.09,44.88
1115.0,Menon Bearings,136.45,23.37,1.47,32.14
1116.0,K.P. Energy,343.65,17.43,0.15,51.84
1117.0,Orient Bell,520.5,33.54,0.19,10.42
1118.0,TVS Elec.,403.65,79.08,0.5,13.1
1119.0,Beta Drugs Ltd,780.0,24.41,0.0,38.49
1120.0,Shreyas Shipping,340.8,3.8,0.73,19.96
1121.0,Davangere Sugar,79.41,56.53,0.0,8.4
1122.0,TruCap Finance,64.1,1183.03,0.02,9.57
1123.0,Auto.Corp.of Goa,1213.1,28.87,1.44,14.3
1124.0,Mufin Green,146.65,90.9,0.02,6.82
1125.0,Nitta Gelatin,811.55,10.79,0.49,33.52
1126.0,Emami Paper,121.25,10.61,1.32,10.45
1127.0,Texmaco Infrast.,57.5,237.89,0.13,0.71
1128.0,Assoc.Alcohols,397.3,17.28,0.25,14.56
1129.0,Mallcom (India),1146.65,19.37,0.26,20.54
1130.0,Shilchar Tech.,1875.25,16.57,0.21,53.85
1131.0,Arihant Super.,173.0,16.68,0.0,15.28
1132.0,Cheviot Company,1183.35,13.07,2.28,12.58
1133.0,Iris Clothings,436.15,86.14,0.0,16.38
1134.0,Syncom Formul.,7.55,35.38,0.4,9.67
1135.0,Voith Paper,1613.9,22.31,0.37,14.23
1136.0,Ruby Mills,211.3,20.06,0.71,5.94
1137.0,Black Rose Indus,138.45,89.15,0.4,9.53
1138.0,The Hi-Tech Gear,374.6,30.42,0.4,8.32
1139.0,T N Petro Prod.,78.15,7.46,3.84,15.36
1140.0,Jayant Agro Org.,234.35,14.25,2.13,13.81
1141.0,Gandhi Spl. Tube,575.95,14.78,2.08,38.22
1142.0,Innovana Think.,339.95,25.91,0.22,33.76
1143.0,Deccan Cements,495.8,14.09,1.01,8.96
1144.0,AGS Transact,57.05,18.79,0.0,12.01
1145.0,Sandesh,915.9,6.9,0.55,13.25
1146.0,D P Wires,510.2,16.88,0.2,31.98
1147.0,AGI Infra,565.25,14.35,0.18,29.97
1148.0,DCM Shriram Inds,79.25,11.46,1.89,10.1
1149.0,Bhageria Indust.,157.6,45.7,2.54,4.45
1150.0,Rajapalayam Mill,742.7,9.06,0.13,2.74
1151.0,Paramount Comm.,35.2,14.31,0.0,13.03
1152.0,Mirza Internatio,48.9,25.81,0.0,6.37
1153.0,Rane Brake Lin.,873.0,20.17,2.86,17.69
1154.0,S Chand & Compan,191.45,14.27,0.0,8.03
1155.0,Kellton Tech,69.7,15.13,0.0,14.48
1156.0,Tour. Fin. Corp.,74.25,7.63,1.62,9.47
1157.0,Apex Frozen Food,212.85,18.54,1.17,10.69
1158.0,CSL Finance,320.05,14.54,0.78,13.65
1159.0,Crest Ventures,233.2,1.68,0.43,57.99
1160.0,Sukhjit Starch,422.8,10.42,2.37,15.29
1161.0,Peninsula Land,23.65,8.27,0.0,26.04
1162.0,Jeena Sikho,475.5,19.46,0.0,102.84
1163.0,NINtec Systems,633.8,117.85,0.0,44.36
1164.0,Piccadily Agro,69.33,29.29,0.14,12.8
1165.0,Dr Agarwal's Eye,1384.4,17.62,0.22,18.23
1166.0,Khaitan Chemical,66.7,17.32,0.45,15.35
1167.0,Bajaj Steel Inds,1243.95,10.07,0.16,32.91
1168.0,BMW Industries,28.59,11.81,0.7,12.01
1169.0,Medico Remedies,76.7,87.91,0.0,21.37
1170.0,Ravindra Energy,47.1,38.08,0.0,11.72
1171.0,Windlas Biotech,298.85,14.91,1.17,14.3
1172.0,Muthoot Cap.Serv,384.65,8.04,0.0,11.7
1173.0,Jindal Poly Inve,595.55,2.21,0.0,26.76
1174.0,Dynacons Sys.,492.0,18.71,0.1,36.36
1175.0,IST,535.05,7.64,0.0,10.19
1176.0,D. P. Abhushan,280.1,13.75,0.36,24.56
1177.0,Creative Newtech,494.25,22.85,0.1,24.79
1178.0,Zuari Agro Chem.,148.0,1.82,0.0,15.67
1179.0,Allied Digital,113.15,11.56,0.88,13.45
1180.0,Marine Electric.,49.05,31.76,0.0,17.15
1181.0,Diamines & Chem.,630.1,14.57,0.95,48.4
1182.0,EFC (I),887.1,157.88,0.0,10.98
1183.0,Prevest Denpro,512.7,39.17,0.0,31.92
1184.0,ICE Make Refrig.,389.7,29.56,0.31,36.95
1185.0,VLS Finance,157.75,10.9,0.95,2.13
1186.0,Nahar Poly,246.7,14.04,1.01,5.35
1187.0,Nicco Parks,128.75,27.15,0.89,54.93
1188.0,Cool Caps,520.0,105.27,0.0,14.16
1189.0,Sayaji Hotels,343.0,17.13,0.0,20.63
1190.0,Automotive Stamp,375.55,71.5,0.0,41.42
1191.0,Krishival Foods,297.75,87.06,0.0,19.33
1192.0,Dharmaj Crop,172.5,17.61,0.0,18.88
1193.0,Sh.Pushkar Chem.,183.85,15.62,1.09,11.62
1194.0,Sh. Jagdamba Pol,660.1,19.23,0.08,19.74
1195.0,Magadh Sugar,409.75,11.49,1.71,8.75
1196.0,SKM Egg Prod.,219.05,7.6,0.91,45.67
1197.0,Supershakti Met.,500.0,17.31,0.2,24.2
1198.0,Binny,257.85,7.3,0.0,14.26
1199.0,Benares Hotels,4420.65,24.58,0.23,34.22
1200.0,Banswara Syntex,167.7,5.15,0.75,22.26
1201.0,Mac Charles(I),437.25,13.46,0.0,15.04
1202.0,Jagatjit Inds.,123.25,87.2,0.0,13.37
1203.0,Kamat Hotels,231.55,7.41,0.0,25.66
1204.0,3i Infotech,33.75,168.72,0.0,2.39
1205.0,Salzer Electron.,354.0,15.56,0.62,11.95
1206.0,Z F Steering,622.35,22.19,0.0,8.53
1207.0,T B Z,84.2,13.98,1.19,8.6
1208.0,Wim Plast,466.9,13.74,1.82,12.72
1209.0,Oswal Green Tech,21.8,14.78,6.88,2.38
1210.0,Morganite Crucib,997.6,34.66,2.0,17.9
1211.0,TAAL Enterprises,1792.05,17.88,1.4,38.14
1212.0,Andhra Petrochem,65.59,27.31,2.29,6.4
1213.0,Chembond Chem.,413.75,22.54,1.21,10.94
1214.0,Shreeoswal Seeds,364.9,97.42,0.0,14.02
1215.0,Nikhil Adhesives,120.25,32.42,0.17,25.01
1216.0,Kotyark Indust.,624.3,47.54,0.32,55.91
1217.0,Varanium Cloud,135.6,6.61,0.55,145.92
1218.0,Zim Laboratories,111.85,22.31,0.0,16.65
1219.0,Remus Pharma.,3688.3,63.92,0.0,171.94
1220.0,Anuh Pharma,108.26,14.99,1.62,20.73
1221.0,Munjal Showa,135.3,18.51,3.33,6.01
1222.0,Balaxi Pharma,527.0,11.73,0.09,36.69
1223.0,XT Global Infot.,39.99,33.76,0.0,13.28
1224.0,Baid Finserv,44.2,51.13,0.23,10.03
1225.0,Phantom Digital,455.8,32.75,0.0,75.34
1226.0,Network People,819.9,81.26,0.0,34.35
1227.0,Hind.Composites,356.2,19.15,0.56,3.55
1228.0,Sunshield Chem.,714.9,38.48,0.28,19.26
1229.0,Vasa Denticity,327.85,97.06,0.0,98.65
1230.0,U. Y. Fincorp,27.45,67.38,0.0,4.45
1231.0,Munjal Auto Inds,52.0,23.18,3.85,8.87
1232.0,ASM Technologies,519.75,72.79,1.64,14.06
1233.0,Nahar Indl. Ent.,129.3,6.42,0.0,9.93
1234.0,MIC Electronics,23.25,2451.71,0.0,2.3
1235.0,Hind Rectifiers,310.15,116.56,0.13,5.12
1236.0,GKW,860.35,58.57,0.0,0.57
1237.0,Exxaro Tiles,114.75,64.18,0.0,5.9
1238.0,Axita Cotton,26.05,30.05,0.19,48.66
1239.0,Amines & Plast.,93.01,22.38,0.43,16.1
1240.0,Ind-Swift Labs.,86.1,8.96,0.0,12.75
1241.0,Axtel Industries,314.7,30.46,0.95,26.2
1242.0,Nupur Recyclers,111.05,41.58,0.0,
1243.0,Affordable Robo.,499.1,235.21,0.0,7.66
1244.0,MMP Industries,199.7,23.79,0.5,10.52
1245.0,Birla Cable,169.05,15.14,0.89,18.3
1246.0,Silver Touch,399.65,52.19,0.25,15.33
1247.0,Arfin India,31.88,49.09,0.0,13.03
1248.0,Urja Global,9.6,329.7,0.0,1.63
1249.0,N R Agarwal Inds,296.25,5.08,0.0,21.39
1250.0,Donear Inds.,96.95,13.91,0.21,15.69
